formulaA,formulaB,formulaA_elements_AtomicVolume,formulaB_elements_AtomicVolume,formulaA_elements_AtomicWeight,formulaB_elements_AtomicWeight,formulaA_elements_BoilingT,formulaB_elements_BoilingT,formulaA_elements_BulkModulus,formulaB_elements_BulkModulus,formulaA_elements_Column,formulaB_elements_Column,formulaA_elements_CovalentRadius,formulaB_elements_CovalentRadius,formulaA_elements_Density,formulaB_elements_Density,formulaA_elements_ElectronSurfaceDensityWS,formulaB_elements_ElectronSurfaceDensityWS,formulaA_elements_Electronegativity,formulaB_elements_Electronegativity,formulaA_elements_FirstIonizationEnergy,formulaB_elements_FirstIonizationEnergy,formulaA_elements_GSbandgap,formulaB_elements_GSbandgap,formulaA_elements_GSenergy_pa,formulaB_elements_GSenergy_pa,formulaA_elements_GSestBCClatcnt,formulaB_elements_GSestBCClatcnt,formulaA_elements_GSestFCClatcnt,formulaB_elements_GSestFCClatcnt,formulaA_elements_GSmagmom,formulaB_elements_GSmagmom,formulaA_elements_GSvolume_pa,formulaB_elements_GSvolume_pa,formulaA_elements_HHIp,formulaB_elements_HHIp,formulaA_elements_HHIr,formulaB_elements_HHIr,formulaA_elements_HeatCapacityMass,formulaB_elements_HeatCapacityMass,formulaA_elements_HeatCapacityMolar,formulaB_elements_HeatCapacityMolar,formulaA_elements_HeatFusion,formulaB_elements_HeatFusion,formulaA_elements_ICSDVolume,formulaB_elements_ICSDVolume,formulaA_elements_IsAlkali,formulaB_elements_IsAlkali,formulaA_elements_IsDBlock,formulaB_elements_IsDBlock,formulaA_elements_IsFBlock,formulaB_elements_IsFBlock,formulaA_elements_IsMetal,formulaB_elements_IsMetal,formulaA_elements_IsMetalloid,formulaB_elements_IsMetalloid,formulaA_elements_IsNonmetal,formulaB_elements_IsNonmetal,formulaA_elements_MeltingT,formulaB_elements_MeltingT,formulaA_elements_MendeleevNumber,formulaB_elements_MendeleevNumber,formulaA_elements_MiracleRadius,formulaB_elements_MiracleRadius,formulaA_elements_NUnfilled,formulaB_elements_NUnfilled,formulaA_elements_NValance,formulaB_elements_NValance,formulaA_elements_NdUnfilled,formulaB_elements_NdUnfilled,formulaA_elements_NdValence,formulaB_elements_NdValence,formulaA_elements_NfUnfilled,formulaB_elements_NfUnfilled,formulaA_elements_NfValence,formulaB_elements_NfValence,formulaA_elements_NpUnfilled,formulaB_elements_NpUnfilled,formulaA_elements_NpValence,formulaB_elements_NpValence,formulaA_elements_NsUnfilled,formulaB_elements_NsUnfilled,formulaA_elements_NsValence,formulaB_elements_NsValence,formulaA_elements_Number,formulaB_elements_Number,formulaA_elements_Polarizability,formulaB_elements_Polarizability,formulaA_elements_Row,formulaB_elements_Row,formulaA_elements_ShearModulus,formulaB_elements_ShearModulus,formulaA_elements_SpaceGroupNumber,formulaB_elements_SpaceGroupNumber,avg_coordination_A,avg_coordination_B,avg_nearest_neighbor_distance_A,avg_nearest_neighbor_distance_B,stabilityVec
As,Ni,21.72396574,10.94128444,74.9216,58.6934,887.0,3186.0,22.0,180.0,15,10,119,124,5727.0,8908.0,1.44,1.75,2.18,1.91,9.7886,7.6398,0.0,0.0,-4.650889115,-5.54632457,3.539684396,2.74306794,4.459722881,3.456049039,0.0,0.5953946999999999,22.175,10.32,3300,1000,4000,1500,0.32899999999999996,0.444,24.64,26.07,24.44,17.48,21.52,10.86,0,0,0,1,0,0,1,1,1,0,0,0,1090.0,1728.0,84,61,115,126,3,2,15,10,0,2,10,8,0,0,0,0,3,0,3,0,0,0,2,2,33,28,4.31,6.8,4,4,0.0,76.0,166,225,3.0,12.0,2.5579,2.4805599999999997,"[1.0,0.0,0.0,1.0,1.0,0.0,0.0,1.0,0.0,0.0,1.0]"
Cr,Ru,12.09293747,13.56787441,51.9961,101.07,2944.0,4423.0,160.0,220.0,6,8,139,146,7140.0,12370.0,1.73,1.83,1.66,2.2,6.76651,7.3605,0.0,0.0,-9.50571654,-9.19463357,2.8180802789999997,3.000740558,3.550558664,3.780696194,0.0,0.0,11.19,13.51,3100,3200,4100,8000,0.449,0.23800000000000002,23.35,24.06,21.0,38.59,12.01,14.03,0,0,1,1,0,0,1,1,0,0,0,0,2180.0,2607.0,49,56,130,134,6,4,6,8,5,3,5,7,0,0,0,0,0,0,0,0,1,1,1,1,24,44,11.6,9.6,4,5,115.0,173.0,229,194,8.0,12.0,2.46785,2.66567,"[1.0,0.0,0.0,0.0,0.0,0.0,0.0,0.0,0.0,0.0,1.0]"
Nd,Sr,34.16905488,55.32313078,144.24200000000002,87.62,3373.0,1655.0,32.0,0.0,3,2,201,195,7010.0,2630.0,1.2,0.84,1.14,0.95,5.525,5.69485,0.0,0.0,-4.76235134,-1.6828136000000002,4.1138142,4.768954732,5.183081107,6.008506453,0.0,0.0,34.81,54.23,9500,4200,3100,3000,0.19,0.306,27.45,26.79,7.14,7.43,34.2,56.08,0,1,0,0,1,0,1,1,0,0,0,0,1294.0,1050.0,19,8,182,212,10,0,6,2,0,0,0,0,10,0,4,0,0,0,0,0,0,0,2,2,60,38,31.4,25.55,6,5,16.0,6.1,194,225,12.0,12.0,3.6671,4.26546,"[1.0,0.0,0.0,0.0,0.0,0.0,0.0,0.0,0.0,0.0,1.0]"
Sr,Bi,55.32313078,35.48345908,87.62,208.9804,1655.0,1837.0,0.0,31.0,2,15,195,148,2630.0,9780.0,0.84,1.16,0.95,2.02,5.69485,7.2855,0.0,0.0,-1.6828136000000002,-3.9736943999999994,4.768954732,4.039197959,6.008506453,5.089070533,0.0,0.0,54.23,32.95,4200,5300,3000,6000,0.306,0.122,26.79,25.52,7.43,11.106,56.08,35.38,1,0,0,0,0,0,1,1,0,0,0,0,1050.0,544.4,8,86,212,162,0,3,2,29,0,0,0,10,0,0,0,14,0,3,0,3,0,0,2,2,38,83,25.55,0.4,5,6,6.1,12.0,225,12,12.0,3.0,4.26546,3.1122099999999997,"[1.0,0.0,0.0,1.0,1.0,1.0,1.0,0.0,0.0,0.0,1.0]"
Pt,W,15.36046351,15.85873442,195.084,183.84,4098.0,5828.0,230.0,310.0,10,6,136,162,21090.0,19250.0,1.78,1.81,2.28,2.36,8.9588,7.8640300000000005,0.0,0.0,-6.02850968,-12.95880062,3.108612885,3.1781057510000004,3.91660681,4.004162334,0.0,0.0,15.02,16.05,5500,7000,9100,4300,0.133,0.132,25.86,24.27,22.175,52.31,15.1,15.85,0,0,1,1,0,0,1,1,0,0,0,0,2041.4,3695.0,63,51,139,135,2,6,24,20,1,6,9,4,0,0,14,14,0,0,0,0,1,0,1,2,78,74,6.5,11.1,6,6,61.0,161.0,225,229,12.0,8.0,2.812,2.76038,"[1.0,0.0,0.0,0.0,0.0,0.0,0.0,0.0,1.0,0.0,1.0]"
Nd,Ta,34.16905488,18.04672956,144.24200000000002,180.94788,3373.0,5731.0,32.0,200.0,3,5,201,170,7010.0,16650.0,1.2,1.63,1.14,1.5,5.525,7.54957,0.0,0.0,-4.76235134,-11.85139954,4.1138142,3.309248619,5.183081107,4.169391995,0.0,0.0,34.81,18.12,9500,2300,3100,4800,0.19,0.14,27.45,25.36,7.14,36.57,34.2,17.65,0,0,0,1,1,0,1,1,0,0,0,0,1294.0,3290.0,19,48,182,145,10,7,6,19,0,7,0,3,10,0,4,14,0,0,0,0,0,0,2,2,60,73,31.4,13.1,6,6,16.0,69.0,194,229,12.0,8.0,3.6671,2.8727,"[1.0,0.0,0.0,0.0,0.0,0.0,0.0,0.0,0.0,0.0,1.0]"
Gd,Eu,33.04972431,48.12129236,157.25,151.964,3523.0,1800.0,38.0,8.3,3,3,196,198,7901.0,5244.0,1.21,0.88,1.2,1.185,6.1498,5.670380000000001,0.0,0.0,-4.65442131,-1.82958684,4.002082249,4.177811939,5.0423076689999995,5.263713205,0.0,0.0,32.05,36.46,9500,9500,3100,3100,0.235,0.182,37.03,27.66,9.67,9.21,32.98,48.53,0,0,0,0,1,1,1,1,0,0,0,0,1586.0,1095.0,27,25,176,196,16,7,10,9,9,0,1,0,7,7,7,7,0,0,0,0,0,0,2,2,64,63,23.5,27.7,6,6,22.0,7.9,194,229,12.0,12.0,3.58601,4.00957,"[1.0,0.0,0.0,0.0,0.0,0.0,0.0,0.0,0.0,0.0,1.0]"
Y,Sn,33.01321288,26.96678526,88.90585,118.71,3618.0,2875.0,41.0,58.0,3,14,190,139,4472.0,7310.0,1.21,1.24,1.22,1.96,6.2173,7.34392,0.0,0.0,-6.464599775,-3.96104709,4.015150874,4.052840562,5.058773104,5.106259136,0.0,0.0,32.365,33.285,9800,2600,2600,1600,0.298,0.22699999999999998,26.53,26.99,11.39,7.15,32.97,27.05,0,0,1,0,0,0,1,1,0,0,0,0,1799.0,505.08,12,80,179,155,9,4,3,14,9,0,1,10,0,0,0,0,0,4,0,2,0,0,2,2,39,50,22.7,7.06,5,5,26.0,18.0,194,141,12.0,4.0,3.5339099999999997,2.87792,"[1.0,0.0,0.0,1.0,0.0,0.0,1.0,0.0,0.0,0.0,1.0]"
K,Pa,75.84786468,24.96116063,39.0983,231.03586,1032.0,4273.0,3.1,0.0,1,3,203,200,856.0,15370.0,0.65,0.0,0.82,1.5,4.3406633,5.89,0.0,0.0,-1.097539713,-9.49741247,5.268200874,3.692852039,6.637517176,4.652702018,0.0,0.0,73.10666667,25.18,1700,0,7200,0,0.757,0.0,29.6,0.0,2.335,12.34,75.63,24.94,1,0,0,0,0,1,1,1,0,0,0,0,336.53,1845.0,3,18,230,165,1,21,1,5,0,9,0,1,0,12,0,2,0,0,0,0,1,0,1,2,19,91,43.23,25.4,4,7,1.3,0.0,229,139,8.0,12.0,4.57083,3.29125,"[1.0,0.0,0.0,0.0,0.0,0.0,0.0,0.0,0.0,0.0,1.0]"
Co,Mo,10.99586068,15.50088069,58.933195,95.96,3200.0,4912.0,180.0,230.0,9,6,126,154,8900.0,10280.0,1.75,1.77,1.88,2.16,7.881010000000001,7.09243,0.0,0.0,-7.080389145,-10.84610777,2.7364067480000003,3.154164308,3.447656463,3.973998007,1.5484712,0.0,10.245,15.69,3100,2400,2700,5300,0.42100000000000004,0.251,24.81,24.06,16.2,37.48,11.12,15.59,0,0,1,1,0,0,1,1,0,0,0,0,1768.0,2896.0,58,50,125,139,3,6,9,6,3,5,7,5,0,0,0,0,0,0,0,0,0,1,2,1,27,42,7.5,12.8,4,5,75.0,20.0,194,229,12.0,8.0,2.4802400000000002,2.74324,"[1.0,0.0,0.0,0.0,0.0,0.0,0.0,0.0,1.0,0.0,1.0]"
Sc,Ce,25.00931092,34.78450148,44.955912,140.116,3103.0,3633.0,57.0,22.0,3,3,170,204,2985.0,6689.0,1.27,1.19,1.36,1.12,6.561489999999999,5.5387,0.0,0.0,-6.28551309,-4.77656965,3.5428740210000003,4.207394381,4.463741557,5.300984746,6.35e-06,0.0,22.235,37.24,5500,9500,4500,3100,0.568,0.192,25.52,26.94,14.1,5.46,24.96,34.47,0,0,1,0,0,1,1,1,0,0,0,0,1814.0,1071.0,11,15,162,182,9,22,3,4,9,9,1,1,0,13,0,1,0,0,0,0,0,0,2,2,21,58,17.8,29.6,4,6,29.0,14.0,194,194,12.0,12.0,3.21375,3.33785,"[1.0,0.0,0.0,0.0,0.0,0.0,0.0,0.0,0.0,0.0,1.0]"
W,Nb,15.85873442,18.00213298,183.84,92.90638,5828.0,5017.0,310.0,170.0,6,5,162,164,19250.0,8570.0,1.81,1.64,2.36,1.6,7.8640300000000005,6.75885,0.0,0.0,-12.95880062,-10.09332153,3.1781057510000004,3.312897187,4.004162334,4.173988903,0.0,0.0,16.05,18.18,7000,8500,4300,8800,0.132,0.265,24.27,24.6,52.31,30.0,15.85,18.15,0,0,1,1,0,0,1,1,0,0,0,0,3695.0,2750.0,51,47,135,143,6,7,20,5,6,6,4,4,0,0,14,0,0,0,0,0,0,1,2,1,74,41,11.1,15.7,6,5,161.0,38.0,229,229,8.0,8.0,2.76038,2.87565,"[1.0,0.0,0.0,0.0,0.0,0.0,0.0,0.0,0.0,0.0,1.0]"
Pr,Gd,35.23917573,33.04972431,140.90765,157.25,3563.0,3523.0,29.0,38.0,3,3,203,196,6640.0,7901.0,1.2,1.21,1.13,1.2,5.473,6.1498,0.0,0.0,-4.77382996,-4.65442131,4.14761076,4.002082249,5.225662103,5.0423076689999995,0.0,0.0,35.675,32.05,9500,9500,3100,3100,0.193,0.235,27.2,37.03,6.89,9.67,34.5,32.98,0,0,0,0,1,1,1,1,0,0,0,0,1204.0,1586.0,17,27,183,176,11,16,5,10,0,9,0,1,11,7,3,7,0,0,0,0,0,0,2,2,59,64,28.2,23.5,6,6,15.0,22.0,194,194,12.0,12.0,3.70191,3.58601,"[1.0,0.0,0.0,0.0,0.0,0.0,0.0,0.0,0.0,0.0,1.0]"
Cu,B,11.82994193,7.297767265,63.54600000000001,10.811,3200.0,4273.0,140.0,320.0,11,13,132,84,8920.0,2460.0,1.47,1.75,1.9,2.04,7.726380000000001,8.29802,0.0,1.524,-3.68065482,-6.677698154,2.807970487,2.429779429,3.5378211239999997,3.0613302489999996,0.0,0.0,11.07,7.1725,1600,2900,1500,2000,0.385,1.026,24.44,11.087,13.6,50.2,11.81,7.75,0,0,1,0,0,0,1,0,0,1,0,0,1357.77,2348.0,64,72,126,88,1,5,11,3,0,0,10,0,0,0,0,0,0,5,0,1,1,0,1,2,29,5,6.15,3.03,4,2,48.0,0.0,225,166,12.0,5.5,2.5571900000000003,1.7253599999999998,"[1.0,0.0,0.0,0.0,0.0,0.0,0.0,0.0,0.0,0.0,1.0]"
Hg,Gd,24.61174207,33.04972431,200.59,157.25,629.73,3523.0,25.0,38.0,12,3,132,196,13534.0,7901.0,1.24,1.21,2.0,1.2,10.4375,6.1498,0.0,0.0,-0.250105562,-4.65442131,3.695665057,4.002082249,4.656246199,5.0423076689999995,0.0,0.0,25.23758621,32.05,5500,9500,3100,3100,0.14,0.235,27.983,37.03,2.295,9.67,23.82,32.98,0,0,1,0,0,1,1,1,0,0,0,0,234.32,1586.0,71,27,152,176,0,16,26,10,0,9,10,1,0,7,14,7,0,0,0,0,0,0,2,2,80,64,5.36,23.5,6,6,0.0,22.0,166,194,12.0,12.0,3.3977,3.58601,"[1.0,0.0,0.0,0.0,0.0,1.0,0.0,0.0,0.0,0.0,1.0]"
Sc,Fe,25.00931092,11.77736497,44.955912,55.845,3103.0,3134.0,57.0,170.0,3,8,170,132,2985.0,7874.0,1.27,1.77,1.36,1.83,6.561489999999999,7.9024,0.0,0.0,-6.28551309,-8.28548436,3.5428740210000003,2.7789233789999996,4.463741557,3.501224062,6.35e-06,2.1106627999999996,22.235,10.73,5500,2400,4500,1400,0.568,0.449,25.52,25.1,14.1,13.81,24.96,11.78,0,0,1,1,0,0,1,1,0,0,0,0,1814.0,1811.0,11,55,162,125,9,4,3,8,9,4,1,6,0,0,0,0,0,0,0,0,0,0,2,2,21,26,17.8,8.4,4,4,29.0,82.0,194,229,12.0,8.0,3.21375,2.46654,"[1.0,0.0,0.0,1.0,0.0,0.0,0.0,0.0,0.0,0.0,1.0]"
Mn,Ho,12.21270447,31.14037991,54.938044999999995,164.93032,2334.0,2973.0,120.0,40.0,7,3,139,192,7470.0,8795.0,1.61,1.22,1.55,1.23,7.434019999999999,6.0215,0.0,0.0,-9.02056525,-4.577416877,2.757836487,3.9465101189999996,3.474656242,4.972291172,0.00031,0.0,10.48758621,30.73333333,1600,9500,1800,3100,0.479,0.165,26.32,27.15,12.91,11.76,12.2,31.11,0,0,1,0,0,1,1,1,0,0,0,0,1519.0,1747.0,52,33,132,177,5,3,7,13,5,0,5,0,0,3,0,11,0,0,0,0,0,0,2,2,25,67,9.4,23.6,4,6,78.0,26.0,217,194,5.24138,12.0,2.27619,3.4811199999999998,"[1.0,0.0,0.0,0.0,0.0,0.0,0.0,0.0,0.0,1.0,1.0]"
Ag,Ba,17.07564795,64.96928167,107.8682,137.327,2435.0,2143.0,100.0,9.6,11,2,145,215,10490.0,3510.0,1.36,0.81,1.93,0.89,7.576230000000001,5.211664,0.0,0.0,-2.76539356,-1.92352226,3.1964805060000003,5.028899311,4.027313073999999,6.336016099999999,0.0,0.0,16.33,63.59,1200,3000,1400,2300,0.235,0.204,25.35,28.07,11.3,7.12,17.05,62.88,0,1,1,0,0,0,1,1,0,0,0,0,1234.93,1000.0,65,9,144,223,1,0,11,2,0,0,10,0,0,0,0,0,0,0,0,0,1,0,1,2,47,56,6.99,39.7,5,6,30.0,4.9,225,229,12.0,8.0,2.94195,4.35637,"[1.0,0.0,0.0,0.0,0.0,1.0,0.0,1.0,1.0,0.0,1.0]"
Ir,Os,14.14855047,13.98369767,192.217,190.23,4701.0,5285.0,320.0,0.0,9,8,141,144,22560.0,22590.0,1.83,1.85,2.2,2.2,8.96702,8.43823,0.0,0.0,-8.84851145,-11.22070399,3.051696628,3.0430820539999996,3.84489682,3.834043137,0.0,0.0,14.21,14.09,5500,5500,9100,9100,0.131,0.13,25.1,24.7,41.12,57.85,13.88,13.8,0,0,1,1,0,0,1,1,0,0,0,0,2739.0,3306.0,60,57,136,135,3,4,23,22,3,4,7,6,0,0,14,14,0,0,0,0,0,0,2,2,77,76,7.6,8.5,6,6,210.0,222.0,225,194,12.0,12.0,2.74055,2.69382,"[1.0,0.0,0.0,0.0,0.0,0.0,0.0,0.0,0.0,0.0,1.0]"
Si,P,20.01637772,28.21412182,28.0855,30.973762,3173.0,553.5,100.0,11.0,14,15,111,107,2330.0,1823.0,1.5,1.65,1.9,2.19,8.15168,10.48669,0.773,1.625,-5.424918005,-5.400509043,3.4448498389999997,3.560590636,4.340238825,4.486063093,0.0,0.0,20.44,22.5702381,4700,2000,1000,5100,0.7120000000000001,0.769,19.99,23.824,50.21,18.54,20.02,18.99,0,0,0,0,0,0,0,0,1,0,0,1,1687.0,317.3,78,83,110,102,4,3,4,5,0,0,0,0,0,0,0,0,4,3,2,3,0,0,2,2,14,15,5.53,3.63,3,3,0.0,0.0,227,2,4.0,3.0,2.36803,2.2137700000000002,"[1.0,0.0,0.0,1.0,0.0,1.0,0.0,0.0,0.0,0.0,1.0]"
Pm,Na,33.14754856,39.43832888,145.0,22.98976928,3273.0,1156.0,33.0,6.3,3,1,199,166,7264.0,968.0,1.21,0.82,1.155,0.93,5.582000000000001,5.139076,0.0,0.0,-4.744621343,-1.2602413829999999,4.075342789,3.88167309,5.134610166,4.890601633999999,0.0,0.0,33.8425,29.24333333,9500,1100,3100,500,0.0,1.228,0.0,28.23,0.0,2.6,33.67,39.76,0,1,0,0,1,0,1,1,0,0,0,0,1373.0,370.87,21,2,185,180,9,1,7,1,0,0,0,0,9,0,5,0,0,0,0,0,0,1,2,1,61,11,30.1,24.11,6,3,18.0,3.3,194,229,12.0,12.0,3.6390800000000003,3.7292199999999998,"[1.0,0.0,0.0,0.0,0.0,0.0,0.0,0.0,0.0,0.0,1.0]"
La,Au,37.53064612,16.94706362,138.90547,196.966569,3737.0,3129.0,28.0,220.0,3,11,207,136,6146.0,19300.0,1.18,1.57,1.1,2.54,5.5769,9.225530000000001,0.0,0.0,-4.927546185,-3.20969261,4.194456026,3.2204420519999997,5.28468344,4.0575027310000005,0.0,0.0,36.8975,16.7,9500,1100,3100,1000,0.195,0.129,27.11,25.418000000000003,6.2,12.55,37.42,16.96,0,0,0,1,1,0,1,1,0,0,0,0,1193.0,1337.33,13,66,187,143,9,1,3,25,9,0,1,10,0,0,0,14,0,0,0,0,0,1,2,1,57,79,31.1,5.8,6,6,14.0,27.0,194,225,12.0,12.0,3.7199800000000005,2.94955,"[1.0,0.0,0.0,1.0,0.0,0.0,0.0,0.0,0.0,0.0,1.0]"
La,Al,37.53064612,16.59442452,138.90547,26.9815386,3737.0,2792.0,28.0,76.0,3,13,207,121,6146.0,2700.0,1.18,1.39,1.1,1.61,5.5769,5.985768,0.0,0.0,-4.927546185,-3.74542312,4.194456026,3.2062378330000003,5.28468344,4.039606536,0.0,0.0,36.8975,16.48,9500,1600,3100,1000,0.195,0.897,27.11,24.2,6.2,10.71,37.42,16.61,0,0,0,0,1,0,1,1,0,0,0,0,1193.0,933.47,13,73,187,141,9,5,3,3,9,0,1,0,0,0,0,0,0,5,0,1,0,0,2,2,57,13,31.1,6.8,6,3,14.0,26.0,194,225,12.0,12.0,3.7199800000000005,2.85595,"[1.0,0.0,1.0,1.0,0.0,1.0,0.0,0.0,0.0,0.0,1.0]"
Sn,Ne,26.96678526,37.23218569,118.71,20.1791,2875.0,26.92,58.0,0.0,14,18,139,58,7310.0,0.9,1.24,0.0,1.96,0.0,7.34392,21.56454,0.0,13.088,-3.96104709,0.09403567,4.052840562,2.934893568,5.106259136,3.6977341860000004,0.0,0.0,33.285,12.64,2600,0,1600,0,0.22699999999999998,1.03,26.99,20.785999999999998,7.15,0.16399999999999998,27.05,23.09,0,0,0,0,0,0,1,0,0,0,0,1,505.08,24.56,80,99,155,0,4,0,14,8,0,0,10,0,0,0,0,0,4,0,2,6,0,0,2,2,50,10,7.06,0.39432,5,2,18.0,0.0,141,225,4.0,12.0,2.87792,3.04326,"[1.0,0.0,0.0,0.0,0.0,0.0,0.0,0.0,0.0,0.0,1.0]"
Be,Os,8.098176455,13.98369767,9.012182000000001,190.23,2743.0,5285.0,130.0,0.0,2,8,96,144,1848.0,22590.0,1.67,1.85,1.57,2.2,9.3227,8.43823,0.0,0.0,-3.755038695,-11.22070399,2.508239481,3.0430820539999996,3.160183721,3.834043137,0.0,0.0,7.89,14.09,8000,5500,4000,9100,1.825,0.13,16.442999999999998,24.7,7.895,57.85,8.11,13.8,1,0,0,1,0,0,1,1,0,0,0,0,1560.0,3306.0,67,57,112,135,0,4,2,22,0,4,0,6,0,0,0,14,0,0,0,0,0,0,2,2,4,76,5.6,8.5,2,6,132.0,222.0,194,194,12.0,12.0,2.20087,2.69382,"[1.0,0.0,0.0,0.0,0.0,0.0,0.0,0.0,0.0,0.0,1.0]"
He,B,37.23603556,7.297767265,4.0026019999999995,10.811,4.07,4273.0,0.0,320.0,18,13,28,84,0.1785,2460.0,0.0,1.75,0.0,2.04,24.587387,8.29802,18.098,1.524,0.0011354000000000002,-6.677698154,2.908733088,2.429779429,3.6647740460000002,3.0613302489999996,0.0,0.0,12.305,7.1725,3200,2900,3900,2000,5.13,1.026,20.785999999999998,11.087,0.0,50.2,19.08,7.75,0,0,0,0,0,0,0,0,0,1,1,0,0.0,2348.0,98,72,0,88,0,5,2,3,0,0,0,0,0,0,0,0,0,5,0,1,0,0,2,2,2,5,0.2050522,3.03,1,2,0.0,0.0,225,166,8.0,5.5,2.73717,1.7253599999999998,"[1.0,0.0,0.0,0.0,0.0,0.0,0.0,0.0,0.0,0.0,1.0]"
Nb,Na,18.00213298,39.43832888,92.90638,22.98976928,5017.0,1156.0,170.0,6.3,5,1,164,166,8570.0,968.0,1.64,0.82,1.6,0.93,6.75885,5.139076,0.0,0.0,-10.09332153,-1.2602413829999999,3.312897187,3.88167309,4.173988903,4.890601633999999,0.0,0.0,18.18,29.24333333,8500,1100,8800,500,0.265,1.228,24.6,28.23,30.0,2.6,18.15,39.76,0,1,1,0,0,0,1,1,0,0,0,0,2750.0,370.87,47,2,143,180,7,1,5,1,6,0,4,0,0,0,0,0,0,0,0,0,1,1,1,1,41,11,15.7,24.11,5,3,38.0,3.3,229,229,8.0,12.0,2.87565,3.7292199999999998,"[1.0,0.0,0.0,0.0,0.0,0.0,0.0,0.0,0.0,0.0,1.0]"
Ce,Cs,34.78450148,117.4560158,140.116,132.9054519,3633.0,944.0,22.0,1.6,3,1,204,244,6689.0,1879.0,1.19,0.55,1.12,0.79,5.5387,3.893905,0.0,0.0,-4.77656965,-0.85462646,4.207394381,6.140481453,5.300984746,7.736521839,0.0,0.0,37.24,115.765,9500,6000,3100,6000,0.192,0.242,26.94,32.21,5.46,2.09,34.47,67.55,0,1,0,0,1,0,1,1,0,0,0,0,1071.0,301.59,15,5,182,264,22,1,4,1,9,0,1,0,13,0,1,0,0,0,0,0,0,1,2,1,58,55,29.6,59.42,6,6,14.0,0.0,194,229,12.0,8.0,3.33785,5.32395,"[1.0,0.0,0.0,0.0,0.0,0.0,0.0,0.0,0.0,0.0,1.0]"
Pb,Ho,30.34142301,31.14037991,207.2,164.93032,2022.0,2973.0,46.0,40.0,14,3,146,192,11340.0,8795.0,1.15,1.22,2.33,1.23,7.4166300000000005,6.0215,0.0,0.0,-3.62902961,-4.577416877,3.830865877,3.9465101189999996,4.826588558,4.972291172,0.0,0.0,28.11,30.73333333,2700,9500,1800,3100,0.13,0.165,24.7,27.15,4.774,11.76,30.32,31.11,0,0,0,0,0,1,1,1,0,0,0,0,600.61,1747.0,81,33,174,177,4,3,28,13,0,0,10,0,0,3,14,11,4,0,2,0,0,0,2,2,82,67,6.995,23.6,6,6,5.6,26.0,225,194,12.0,12.0,3.5745400000000003,3.4811199999999998,"[1.0,0.0,0.0,0.0,1.0,0.0,0.0,0.0,1.0,0.0,1.0]"
La,Eu,37.53064612,48.12129236,138.90547,151.964,3737.0,1800.0,28.0,8.3,3,3,207,198,6146.0,5244.0,1.18,0.88,1.1,1.185,5.5769,5.670380000000001,0.0,0.0,-4.927546185,-1.82958684,4.194456026,4.177811939,5.28468344,5.263713205,0.0,0.0,36.8975,36.46,9500,9500,3100,3100,0.195,0.182,27.11,27.66,6.2,9.21,37.42,48.53,0,0,0,0,1,1,1,1,0,0,0,0,1193.0,1095.0,13,25,187,196,9,7,3,9,9,0,1,0,0,7,0,7,0,0,0,0,0,0,2,2,57,63,31.1,27.7,6,6,14.0,7.9,194,229,12.0,12.0,3.7199800000000005,4.00957,"[1.0,0.0,0.0,0.0,0.0,0.0,0.0,0.0,0.0,0.0,1.0]"
Tl,Ca,28.64087656,42.9371873,204.3833,40.078,1746.0,1757.0,43.0,17.0,13,2,145,176,11850.0,1550.0,1.12,0.91,1.62,1.0,6.108194,6.11316,0.0,0.0,-2.27267753,-1.948329565,3.775558738,4.2272603239999995,4.756905929,5.3260142660000005,0.0,0.0,26.91,37.77,6500,3900,6500,1500,0.129,0.647,26.32,25.929000000000002,4.1419999999999995,8.54,28.53,44.19,0,1,0,0,0,0,1,1,0,0,0,0,577.0,1115.0,76,7,172,201,5,0,27,2,0,0,10,0,0,0,14,0,5,0,1,0,0,0,2,2,81,20,7.55,25.73333333,6,4,2.8,7.4,194,225,8.0,12.0,3.4325300000000003,3.89661,"[1.0,0.0,0.0,0.0,0.0,1.0,0.0,0.0,1.0,0.0,1.0]"
Ac,Br,37.43308629999999,42.52782532,227.0,79.904,3473.0,332.0,0.0,1.9,3,17,215,120,10070.0,3120.0,0.0,0.0,1.1,2.96,5.17,11.8138,0.0,1.4569999999999999,-4.1050022980000005,-1.5830253380000001,4.465163104,3.8921164439999996,5.625752986,4.9037594360000005,0.0,0.0,44.5125,29.48,0,3300,0,6900,0.12,0.474,27.2,75.69,12.0,5.285,37.45,65.14,0,0,0,0,1,0,1,0,0,0,0,1,1323.0,265.8,14,95,0,0,9,1,3,17,9,0,1,10,0,0,0,0,0,1,0,5,0,0,2,2,89,35,32.1,3.05,7,4,0.0,0.0,225,64,12.0,1.0,3.99462,2.38875,"[1.0,0.0,0.0,1.0,0.0,0.0,0.0,0.0,0.0,0.0,1.0]"
S,Bi,27.16654579,35.48345908,32.065,208.9804,717.72,1837.0,7.7,31.0,16,15,105,148,1960.0,9780.0,0.0,1.16,2.58,2.02,10.36001,7.2855,2.202,0.0,-4.0972167189999995,-3.9736943999999994,3.722284555,4.039197959,4.689784663999999,5.089070533,0.0,0.0,25.786875,32.95,700,5300,1000,6000,0.708,0.122,22.7,25.52,1.7209999999999999,11.106,25.76,35.38,0,0,0,0,0,0,0,1,0,0,1,0,388.36,544.4,88,86,103,162,2,3,6,29,0,0,0,10,0,0,0,14,2,3,4,3,0,0,2,2,16,83,2.9,0.4,3,6,0.0,12.0,70,12,2.0,3.0,2.06242,3.1122099999999997,"[1.0,0.0,0.0,0.0,0.0,0.0,1.0,0.0,0.0,0.0,1.0]"
Np,K,19.24483901,75.84786468,237.0,39.0983,4273.0,1032.0,0.0,3.1,3,1,190,203,20450.0,856.0,0.0,0.65,1.36,0.82,6.2657,4.3406633,0.0,0.0,-12.94031436,-1.097539713,3.329442683,5.268200874,4.194834921,6.637517176,0.0,0.0,18.45375,73.10666667,0,1700,0,7200,0.0,0.757,0.0,29.6,3.2,2.335,19.22,75.63,0,1,0,0,1,0,1,1,0,0,0,0,917.0,336.53,22,3,175,230,19,1,7,1,9,0,1,0,10,0,4,0,0,0,0,0,0,1,2,1,93,19,24.8,43.23,7,4,0.0,1.3,62,229,4.0,8.0,2.4862599999999997,4.57083,"[1.0,0.0,0.0,0.0,0.0,0.0,0.0,0.0,0.0,0.0,1.0]"
Ar,U,37.18428542,20.7488474,39.948,238.02891,87.2,4200.0,0.0,100.0,18,3,106,196,1.784,19050.0,0.0,1.51,0.0,1.38,15.75961,6.1941,9.26,0.0,0.05854104,-11.29233996,3.850300758,3.42137628,4.851074973,4.310663995,0.0,0.0,28.54,20.025,0,0,0,0,0.52,0.11599999999999999,20.785999999999998,27.665,1.18,9.14,36.3,21.18,0,0,0,0,0,1,0,1,0,0,1,0,83.8,1408.0,100,20,0,158,0,20,8,6,0,9,0,1,0,11,0,3,0,0,6,0,0,0,2,2,18,92,1.6411,24.9,3,7,0.0,111.0,225,63,12.0,4.0,3.98863,2.70235,"[1.0,0.0,0.0,0.0,0.0,0.0,0.0,0.0,0.0,0.0,1.0]"
Zr,Ca,23.26594327,42.9371873,91.22399999999999,40.078,4682.0,1757.0,0.0,17.0,4,2,175,176,6511.0,1550.0,1.41,0.91,1.33,1.0,6.6339,6.11316,0.0,0.0,-8.545958555,-1.948329565,3.593145393,4.2272603239999995,4.527079516000001,5.3260142660000005,0.0,0.0,23.195,37.77,3400,3900,2600,1500,0.278,0.647,25.36,25.929000000000002,21.0,8.54,23.29,44.19,0,1,1,0,0,0,1,1,0,0,0,0,2128.0,1115.0,44,7,158,201,8,0,4,2,8,0,2,0,0,0,0,0,0,0,0,0,0,0,2,2,40,20,17.9,25.73333333,5,4,33.0,7.4,194,225,12.0,12.0,3.1914700000000003,3.89661,"[1.0,0.0,0.0,0.0,0.0,0.0,0.0,0.0,0.0,0.0,1.0]"
B,Xe,7.297767265,36.95292402,10.811,131.293,4273.0,165.0,320.0,0.0,13,18,84,140,2460.0,5.9,1.75,0.0,2.04,2.6,8.29802,12.12984,1.524,6.456,-6.677698154,0.04873128,2.429779429,4.751892136,3.0613302489999996,5.987008929,0.0,0.0,7.1725,53.65,2900,0,2000,0,1.026,0.158,11.087,20.785999999999998,50.2,2.27,7.75,57.83,0,0,0,0,0,0,0,0,1,0,0,1,2348.0,161.3,72,102,88,0,5,0,3,18,0,0,0,10,0,0,0,0,5,0,1,6,0,0,2,2,5,54,3.03,4.044,2,5,0.0,0.0,166,225,5.5,12.0,1.7253599999999998,4.85032,"[1.0,0.0,0.0,0.0,0.0,0.0,0.0,0.0,0.0,0.0,1.0]"
Sm,P,33.95681901,28.21412182,150.36,30.973762,2076.0,553.5,38.0,11.0,3,15,198,107,7353.0,1823.0,1.21,1.65,1.17,2.19,5.6437,10.48669,0.0,1.625,-4.713379635,-5.400509043,4.050607032,3.560590636,5.103445064,4.486063093,0.0,0.0,33.23,22.5702381,9500,2000,3100,5100,0.196,0.769,29.54,23.824,8.62,18.54,33.14,18.99,0,0,0,0,1,0,1,0,0,0,0,1,1345.0,317.3,23,83,185,102,8,3,8,5,0,0,0,0,8,0,6,0,0,3,0,3,0,0,2,2,62,15,28.8,3.63,6,3,20.0,0.0,166,2,12.0,3.0,3.61456,2.2137700000000002,"[1.0,0.0,1.0,0.0,0.0,1.0,0.0,0.0,0.0,0.0,1.0]"
Kr,U,37.10749474,20.7488474,83.79799999999999,238.02891,119.78,4200.0,0.0,100.0,18,3,116,196,3.75,19050.0,0.0,1.51,3.0,1.38,13.99961,6.1941,7.535,0.0,0.08753524,-11.29233996,4.162477568,3.42137628,5.244393107,4.310663995,0.0,0.0,36.06,20.025,0,0,0,0,0.248,0.11599999999999999,20.785999999999998,27.665,1.1640000000000001,9.14,44.81,21.18,0,0,0,0,0,1,0,1,0,0,1,0,115.79,1408.0,101,20,0,158,0,20,18,6,0,9,10,1,0,11,0,3,0,0,6,0,0,0,2,2,36,92,2.4844,24.9,4,7,0.0,111.0,225,63,12.0,4.0,4.5936900000000005,2.70235,"[1.0,0.0,0.0,0.0,0.0,0.0,0.0,0.0,0.0,0.0,1.0]"
U,Th,20.7488474,32.86568321,238.02891,232.03806,4200.0,5093.0,100.0,54.0,3,3,196,206,19050.0,11724.0,1.51,1.28,1.38,1.3,6.1941,6.3067,0.0,0.0,-11.29233996,-7.41254306,3.42137628,4.015357627,4.310663995,5.059033597,0.0,0.0,20.025,32.37,0,0,0,0,0.11599999999999999,0.11800000000000001,27.665,27.32,9.14,13.81,21.18,32.86,0,0,0,0,1,1,1,1,0,0,0,0,1408.0,2023.0,20,16,158,178,20,8,6,4,9,8,1,2,11,0,3,0,0,0,0,0,0,0,2,2,92,90,24.9,32.1,7,7,111.0,31.0,63,225,4.0,12.0,2.70235,3.5605900000000004,"[1.0,0.0,0.0,0.0,0.0,0.0,0.0,0.0,0.0,0.0,1.0]"
Pm,Ho,33.14754856,31.14037991,145.0,164.93032,3273.0,2973.0,33.0,40.0,3,3,199,192,7264.0,8795.0,1.21,1.22,1.155,1.23,5.582000000000001,6.0215,0.0,0.0,-4.744621343,-4.577416877,4.075342789,3.9465101189999996,5.134610166,4.972291172,0.0,0.0,33.8425,30.73333333,9500,9500,3100,3100,0.0,0.165,0.0,27.15,0.0,11.76,33.67,31.11,0,0,0,0,1,1,1,1,0,0,0,0,1373.0,1747.0,21,33,185,177,9,3,7,13,0,0,0,0,9,3,5,11,0,0,0,0,0,0,2,2,61,67,30.1,23.6,6,6,18.0,26.0,194,194,12.0,12.0,3.6390800000000003,3.4811199999999998,"[1.0,0.0,0.0,0.0,0.0,0.0,0.0,0.0,0.0,0.0,1.0]"
Au,Ba,16.94706362,64.96928167,196.966569,137.327,3129.0,2143.0,220.0,9.6,11,2,136,215,19300.0,3510.0,1.57,0.81,2.54,0.89,9.225530000000001,5.211664,0.0,0.0,-3.20969261,-1.92352226,3.2204420519999997,5.028899311,4.0575027310000005,6.336016099999999,0.0,0.0,16.7,63.59,1100,3000,1000,2300,0.129,0.204,25.418000000000003,28.07,12.55,7.12,16.96,62.88,0,1,1,0,0,0,1,1,0,0,0,0,1337.33,1000.0,66,9,143,223,1,0,25,2,0,0,10,0,0,0,14,0,0,0,0,0,1,0,1,2,79,56,5.8,39.7,6,6,27.0,4.9,225,229,12.0,8.0,2.94955,4.35637,"[1.0,0.0,0.0,0.0,0.0,1.0,0.0,1.0,1.0,0.0,1.0]"
Sm,C,33.95681901,8.825089715,150.36,12.0107,2076.0,4300.0,38.0,33.0,3,14,198,76,7353.0,2260.0,1.21,1.77,1.17,2.55,5.6437,11.2603,0.0,4.496,-4.713379635,-9.209713655,4.050607032,2.242692341,5.103445064,2.825615289,0.0,0.0,33.23,5.64,9500,500,3100,500,0.196,0.7090000000000001,29.54,8.517000000000001,8.62,117.4,33.14,5.67,0,0,0,0,1,0,1,0,0,0,0,1,1345.0,3823.0,23,77,185,77,8,4,8,4,0,0,0,0,8,0,6,0,0,4,0,2,0,0,2,2,62,6,28.8,1.67,6,2,20.0,0.0,166,194,12.0,3.0,3.61456,1.4240899999999999,"[1.0,0.0,0.0,0.0,1.0,0.0,0.0,0.0,0.0,0.0,1.0]"
Ho,Al,31.14037991,16.59442452,164.93032,26.9815386,2973.0,2792.0,40.0,76.0,3,13,192,121,8795.0,2700.0,1.22,1.39,1.23,1.61,6.0215,5.985768,0.0,0.0,-4.577416877,-3.74542312,3.9465101189999996,3.2062378330000003,4.972291172,4.039606536,0.0,0.0,30.73333333,16.48,9500,1600,3100,1000,0.165,0.897,27.15,24.2,11.76,10.71,31.11,16.61,0,0,0,0,1,0,1,1,0,0,0,0,1747.0,933.47,33,73,177,141,3,5,13,3,0,0,0,0,3,0,11,0,0,5,0,1,0,0,2,2,67,13,23.6,6.8,6,3,26.0,26.0,194,225,12.0,12.0,3.4811199999999998,2.85595,"[1.0,0.0,0.0,1.0,0.0,0.0,0.0,1.0,0.0,0.0,1.0]"
Ga,P,19.61051348,28.21412182,69.723,30.973762,2477.0,553.5,0.0,11.0,13,15,122,107,5904.0,1823.0,1.31,1.65,1.81,2.19,5.999301,10.48669,0.0,1.625,-3.0122553030000003,-5.400509043,3.353549368,3.560590636,4.225207441,4.486063093,0.0,0.0,18.8575,22.5702381,5500,2000,1900,5100,0.373,0.769,26.03,23.824,5.585,18.54,19.6,18.99,0,0,0,0,0,0,1,0,0,0,0,1,302.91,317.3,74,83,134,102,5,3,13,5,0,0,10,0,0,0,0,0,5,3,1,3,0,0,2,2,31,15,8.12,3.63,4,3,0.0,0.0,64,2,5.0,3.0,2.53355,2.2137700000000002,"[1.0,0.0,0.0,0.0,0.0,1.0,0.0,0.0,0.0,0.0,1.0]"
Ag,K,17.07564795,75.84786468,107.8682,39.0983,2435.0,1032.0,100.0,3.1,11,1,145,203,10490.0,856.0,1.36,0.65,1.93,0.82,7.576230000000001,4.3406633,0.0,0.0,-2.76539356,-1.097539713,3.1964805060000003,5.268200874,4.027313073999999,6.637517176,0.0,0.0,16.33,73.10666667,1200,1700,1400,7200,0.235,0.757,25.35,29.6,11.3,2.335,17.05,75.63,0,1,1,0,0,0,1,1,0,0,0,0,1234.93,336.53,65,3,144,230,1,1,11,1,0,0,10,0,0,0,0,0,0,0,0,0,1,1,1,1,47,19,6.99,43.23,5,4,30.0,1.3,225,229,12.0,8.0,2.94195,4.57083,"[1.0,0.0,0.0,0.0,0.0,0.0,0.0,1.0,0.0,0.0,1.0]"
Pt,Se,15.36046351,27.20880463,195.084,78.96,4098.0,958.0,230.0,8.3,10,16,136,120,21090.0,4819.0,1.78,0.0,2.28,2.55,8.9588,9.75239,0.0,0.799,-6.02850968,-3.47079191,3.108612885,3.7286790069999998,3.91660681,4.697841169,0.0,0.0,15.02,25.92,5500,2200,9100,6000,0.133,0.321,25.86,25.363000000000003,22.175,6.69,15.1,29.81,0,0,1,0,0,0,1,0,0,0,0,1,2041.4,494.0,63,89,139,118,2,2,24,16,1,0,9,10,0,0,14,0,0,2,0,4,1,0,1,2,78,34,6.5,3.77,6,4,61.0,3.7,225,14,12.0,2.0,2.812,2.364,"[1.0,0.0,0.0,1.0,0.0,0.0,1.0,0.0,0.0,0.0,1.0]"
K,Ta,75.84786468,18.04672956,39.0983,180.94788,1032.0,5731.0,3.1,200.0,1,5,203,170,856.0,16650.0,0.65,1.63,0.82,1.5,4.3406633,7.54957,0.0,0.0,-1.097539713,-11.85139954,5.268200874,3.309248619,6.637517176,4.169391995,0.0,0.0,73.10666667,18.12,1700,2300,7200,4800,0.757,0.14,29.6,25.36,2.335,36.57,75.63,17.65,1,0,0,1,0,0,1,1,0,0,0,0,336.53,3290.0,3,48,230,145,1,7,1,19,0,7,0,3,0,0,0,14,0,0,0,0,1,0,1,2,19,73,43.23,13.1,4,6,1.3,69.0,229,229,8.0,8.0,4.57083,2.8727,"[1.0,0.0,0.0,0.0,0.0,0.0,0.0,0.0,0.0,0.0,1.0]"
Ni,Fe,10.94128444,11.77736497,58.6934,55.845,3186.0,3134.0,180.0,170.0,10,8,124,132,8908.0,7874.0,1.75,1.77,1.91,1.83,7.6398,7.9024,0.0,0.0,-5.54632457,-8.28548436,2.74306794,2.7789233789999996,3.456049039,3.501224062,0.5953946999999999,2.1106627999999996,10.32,10.73,1000,2400,1500,1400,0.444,0.449,26.07,25.1,17.48,13.81,10.86,11.78,0,0,1,1,0,0,1,1,0,0,0,0,1728.0,1811.0,61,55,126,125,2,4,10,8,2,4,8,6,0,0,0,0,0,0,0,0,0,0,2,2,28,26,6.8,8.4,4,4,76.0,82.0,225,229,12.0,8.0,2.4805599999999997,2.46654,"[1.0,0.0,0.0,0.0,0.0,1.0,0.0,0.0,1.0,0.0,1.0]"
Sr,Xe,55.32313078,36.95292402,87.62,131.293,1655.0,165.0,0.0,0.0,2,18,195,140,2630.0,5.9,0.84,0.0,0.95,2.6,5.69485,12.12984,0.0,6.456,-1.6828136000000002,0.04873128,4.768954732,4.751892136,6.008506453,5.987008929,0.0,0.0,54.23,53.65,4200,0,3000,0,0.306,0.158,26.79,20.785999999999998,7.43,2.27,56.08,57.83,1,0,0,0,0,0,1,0,0,0,0,1,1050.0,161.3,8,102,212,0,0,0,2,18,0,0,0,10,0,0,0,0,0,0,0,6,0,0,2,2,38,54,25.55,4.044,5,5,6.1,0.0,225,225,12.0,12.0,4.26546,4.85032,"[1.0,0.0,0.0,0.0,0.0,0.0,0.0,0.0,0.0,0.0,1.0]"
Sr,C,55.32313078,8.825089715,87.62,12.0107,1655.0,4300.0,0.0,33.0,2,14,195,76,2630.0,2260.0,0.84,1.77,0.95,2.55,5.69485,11.2603,0.0,4.496,-1.6828136000000002,-9.209713655,4.768954732,2.242692341,6.008506453,2.825615289,0.0,0.0,54.23,5.64,4200,500,3000,500,0.306,0.7090000000000001,26.79,8.517000000000001,7.43,117.4,56.08,5.67,1,0,0,0,0,0,1,0,0,0,0,1,1050.0,3823.0,8,77,212,77,0,4,2,4,0,0,0,0,0,0,0,0,0,4,0,2,0,0,2,2,38,6,25.55,1.67,5,2,6.1,0.0,225,194,12.0,3.0,4.26546,1.4240899999999999,"[1.0,0.0,0.0,0.0,0.0,0.0,0.0,0.0,0.0,0.0,1.0]"
B,As,7.297767265,21.72396574,10.811,74.9216,4273.0,887.0,320.0,22.0,13,15,84,119,2460.0,5727.0,1.75,1.44,2.04,2.18,8.29802,9.7886,1.524,0.0,-6.677698154,-4.650889115,2.429779429,3.539684396,3.0613302489999996,4.459722881,0.0,0.0,7.1725,22.175,2900,3300,2000,4000,1.026,0.32899999999999996,11.087,24.64,50.2,24.44,7.75,21.52,0,0,0,0,0,0,0,1,1,1,0,0,2348.0,1090.0,72,84,88,115,5,3,3,15,0,0,0,10,0,0,0,0,5,3,1,3,0,0,2,2,5,33,3.03,4.31,2,4,0.0,0.0,166,166,5.5,3.0,1.7253599999999998,2.5579,"[1.0,0.0,0.0,0.0,0.0,0.0,0.0,0.0,0.0,1.0,1.0]"
Yb,Cs,43.73967194,117.4560158,173.054,132.9054519,1469.0,944.0,31.0,1.6,3,1,187,244,6570.0,1879.0,0.92,0.55,1.26,0.79,6.25416,3.893905,0.0,0.0,-1.47410408,-0.85462646,4.0864514110000005,6.140481453,5.148606152,7.736521839,0.0,0.0,34.12,115.765,9500,6000,3100,6000,0.155,0.242,26.74,32.21,7.66,2.09,41.17,67.55,0,1,0,0,1,0,1,1,0,0,0,0,1092.0,301.59,39,5,190,264,0,1,16,1,0,0,0,0,0,0,14,0,0,0,0,0,0,1,2,1,70,55,20.9,59.42,6,6,9.9,0.0,225,229,12.0,8.0,3.8532,5.32395,"[1.0,0.0,0.0,0.0,0.0,0.0,0.0,0.0,0.0,0.0,1.0]"
Kr,Pr,37.10749474,35.23917573,83.79799999999999,140.90765,119.78,3563.0,0.0,29.0,18,3,116,203,3.75,6640.0,0.0,1.2,3.0,1.13,13.99961,5.473,7.535,0.0,0.08753524,-4.77382996,4.162477568,4.14761076,5.244393107,5.225662103,0.0,0.0,36.06,35.675,0,9500,0,3100,0.248,0.193,20.785999999999998,27.2,1.1640000000000001,6.89,44.81,34.5,0,0,0,0,0,1,0,1,0,0,1,0,115.79,1204.0,101,17,0,183,0,11,18,5,0,0,10,0,0,11,0,3,0,0,6,0,0,0,2,2,36,59,2.4844,28.2,4,6,0.0,15.0,225,194,12.0,12.0,4.5936900000000005,3.70191,"[1.0,0.0,0.0,0.0,0.0,0.0,0.0,0.0,0.0,0.0,1.0]"
Fe,Sb,11.77736497,30.19142344,55.845,121.76,3134.0,1860.0,170.0,42.0,8,15,132,139,7874.0,6697.0,1.77,1.26,1.83,2.05,7.9024,8.60839,0.0,0.0,-8.28548436,-4.11736234,2.7789233789999996,3.981581991,3.501224062,5.016478962,2.1106627999999996,0.0,10.73,31.56,2400,7900,1400,3400,0.449,0.207,25.1,25.23,13.81,19.79,11.78,30.21,0,0,1,0,0,0,1,1,0,1,0,0,1811.0,903.78,55,85,125,155,4,3,8,15,4,0,6,10,0,0,0,0,0,3,0,3,0,0,2,2,26,51,8.4,6.6,4,5,82.0,20.0,229,166,8.0,3.0,2.46654,2.9544900000000003,"[1.0,0.0,0.0,1.0,0.0,0.0,0.0,0.0,0.0,0.0,1.0]"
Dy,He,31.55699985,37.23603556,162.5,4.0026019999999995,2840.0,4.07,41.0,0.0,3,18,192,28,8551.0,0.1785,1.22,0.0,1.22,0.0,5.9389,24.587387,0.0,18.098,-4.601554453,0.0011354000000000002,3.9680792780000003,2.908733088,4.99946661,3.6647740460000002,0.0,0.0,31.24,12.305,9500,3200,3100,3900,0.17300000000000001,5.13,28.16,20.785999999999998,11.35,0.0,31.6,19.08,0,0,0,0,1,0,1,0,0,0,0,1,1685.0,0.0,31,98,175,0,4,0,12,2,0,0,0,0,4,0,10,0,0,0,0,0,0,0,2,2,66,2,24.5,0.2050522,6,1,25.0,0.0,194,225,12.0,8.0,3.52006,2.73717,"[1.0,0.0,0.0,0.0,0.0,0.0,0.0,0.0,0.0,0.0,1.0]"
He,Se,37.23603556,27.20880463,4.0026019999999995,78.96,4.07,958.0,0.0,8.3,18,16,28,120,0.1785,4819.0,0.0,0.0,0.0,2.55,24.587387,9.75239,18.098,0.799,0.0011354000000000002,-3.47079191,2.908733088,3.7286790069999998,3.6647740460000002,4.697841169,0.0,0.0,12.305,25.92,3200,2200,3900,6000,5.13,0.321,20.785999999999998,25.363000000000003,0.0,6.69,19.08,29.81,0,0,0,0,0,0,0,0,0,0,1,1,0.0,494.0,98,89,0,118,0,2,2,16,0,0,0,10,0,0,0,0,0,2,0,4,0,0,2,2,2,34,0.2050522,3.77,1,4,0.0,3.7,225,14,8.0,2.0,2.73717,2.364,"[1.0,0.0,0.0,0.0,0.0,0.0,0.0,0.0,0.0,0.0,1.0]"
Ag,Co,17.07564795,10.99586068,107.8682,58.933195,2435.0,3200.0,100.0,180.0,11,9,145,126,10490.0,8900.0,1.36,1.75,1.93,1.88,7.576230000000001,7.881010000000001,0.0,0.0,-2.76539356,-7.080389145,3.1964805060000003,2.7364067480000003,4.027313073999999,3.447656463,0.0,1.5484712,16.33,10.245,1200,3100,1400,2700,0.235,0.42100000000000004,25.35,24.81,11.3,16.2,17.05,11.12,0,0,1,1,0,0,1,1,0,0,0,0,1234.93,1768.0,65,58,144,125,1,3,11,9,0,3,10,7,0,0,0,0,0,0,0,0,1,0,1,2,47,27,6.99,7.5,5,4,30.0,75.0,225,194,12.0,12.0,2.94195,2.4802400000000002,"[1.0,0.0,0.0,0.0,0.0,0.0,0.0,0.0,0.0,0.0,1.0]"
Dy,Nb,31.55699985,18.00213298,162.5,92.90638,2840.0,5017.0,41.0,170.0,3,5,192,164,8551.0,8570.0,1.22,1.64,1.22,1.6,5.9389,6.75885,0.0,0.0,-4.601554453,-10.09332153,3.9680792780000003,3.312897187,4.99946661,4.173988903,0.0,0.0,31.24,18.18,9500,8500,3100,8800,0.17300000000000001,0.265,28.16,24.6,11.35,30.0,31.6,18.15,0,0,0,1,1,0,1,1,0,0,0,0,1685.0,2750.0,31,47,175,143,4,7,12,5,0,6,0,4,4,0,10,0,0,0,0,0,0,1,2,1,66,41,24.5,15.7,6,5,25.0,38.0,194,229,12.0,8.0,3.52006,2.87565,"[1.0,0.0,0.0,0.0,0.0,0.0,0.0,0.0,0.0,0.0,1.0]"
Ir,Sc,14.14855047,25.00931092,192.217,44.955912,4701.0,3103.0,320.0,57.0,9,3,141,170,22560.0,2985.0,1.83,1.27,2.2,1.36,8.96702,6.561489999999999,0.0,0.0,-8.84851145,-6.28551309,3.051696628,3.5428740210000003,3.84489682,4.463741557,0.0,6.35e-06,14.21,22.235,5500,5500,9100,4500,0.131,0.568,25.1,25.52,41.12,14.1,13.88,24.96,0,0,1,1,0,0,1,1,0,0,0,0,2739.0,1814.0,60,11,136,162,3,9,23,3,3,9,7,1,0,0,14,0,0,0,0,0,0,0,2,2,77,21,7.6,17.8,6,4,210.0,29.0,225,194,12.0,12.0,2.74055,3.21375,"[1.0,0.0,0.0,1.0,0.0,1.0,0.0,0.0,1.0,0.0,1.0]"
Sb,S,30.19142344,27.16654579,121.76,32.065,1860.0,717.72,42.0,7.7,15,16,139,105,6697.0,1960.0,1.26,0.0,2.05,2.58,8.60839,10.36001,0.0,2.202,-4.11736234,-4.0972167189999995,3.981581991,3.722284555,5.016478962,4.689784663999999,0.0,0.0,31.56,25.786875,7900,700,3400,1000,0.207,0.708,25.23,22.7,19.79,1.7209999999999999,30.21,25.76,0,0,0,0,0,0,1,0,1,0,0,1,903.78,388.36,85,88,155,103,3,2,15,6,0,0,10,0,0,0,0,0,3,2,3,4,0,0,2,2,51,16,6.6,2.9,5,3,20.0,0.0,166,70,3.0,2.0,2.9544900000000003,2.06242,"[1.0,0.0,0.0,0.0,1.0,0.0,0.0,0.0,0.0,0.0,1.0]"
Re,Br,14.71033423,42.52782532,186.207,79.904,5869.0,332.0,370.0,1.9,7,17,151,120,21020.0,3120.0,1.85,0.0,1.9,2.96,7.83352,11.8138,0.0,1.4569999999999999,-12.41702777,-1.5830253380000001,3.083225384,3.8921164439999996,3.884620563,4.9037594360000005,0.0,0.0,14.655,29.48,3300,3300,3300,6900,0.13699999999999998,0.474,25.48,75.69,34.08,5.285,14.71,65.14,0,0,1,0,0,0,1,0,0,0,0,1,3459.0,265.8,54,95,137,0,5,1,21,17,5,0,5,10,0,0,14,0,0,1,0,5,0,0,2,2,75,35,9.7,3.05,6,4,178.0,0.0,194,64,12.0,1.0,2.7629900000000003,2.38875,"[1.0,0.0,0.0,0.0,0.0,0.0,0.0,0.0,0.0,0.0,1.0]"
As,Tc,21.72396574,14.15101151,74.9216,98.0,887.0,4538.0,22.0,0.0,15,7,119,147,5727.0,11500.0,1.44,1.81,2.18,1.9,9.7886,7.28,0.0,0.0,-4.650889115,-10.355151199999998,3.539684396,3.057056135,4.459722881,3.851649375,0.0,0.0,22.175,14.285,3300,0,4000,0,0.32899999999999996,0.0,24.64,0.0,24.44,33.29,21.52,14.22,0,0,0,1,0,0,1,1,1,0,0,0,1090.0,2430.0,84,53,115,136,3,5,15,7,0,5,10,5,0,0,0,0,3,0,3,0,0,0,2,2,33,43,4.31,11.4,4,5,0.0,0.0,166,194,3.0,12.0,2.5579,2.72536,"[1.0,0.0,0.0,0.0,0.0,0.0,1.0,0.0,0.0,0.0,1.0]"
Er,Pd,30.63606837,14.69838627,167.25900000000001,106.42,3141.0,3236.0,44.0,180.0,3,10,189,139,9066.0,12023.0,1.23,1.67,1.24,2.2,6.1077,8.3369,0.0,0.0,-4.563633745,-5.13777457,3.940150647,3.0659471110000003,4.964278739,3.8628513030000002,0.0,0.0,30.585,14.41,9500,3200,3100,8000,0.168,0.244,28.12,25.98,19.9,16.74,30.67,14.72,0,0,0,1,1,0,1,1,0,0,0,0,1770.0,1828.05,35,62,175,142,2,0,14,10,0,0,0,10,2,0,12,0,0,0,0,0,0,0,2,0,68,46,22.7,4.8,6,5,28.0,44.0,194,225,12.0,12.0,3.46096,2.79543,"[1.0,0.0,0.0,1.0,0.0,1.0,1.0,0.0,0.0,0.0,1.0]"
Cu,Eu,11.82994193,48.12129236,63.54600000000001,151.964,3200.0,1800.0,140.0,8.3,11,3,132,198,8920.0,5244.0,1.47,0.88,1.9,1.185,7.726380000000001,5.670380000000001,0.0,0.0,-3.68065482,-1.82958684,2.807970487,4.177811939,3.5378211239999997,5.263713205,0.0,0.0,11.07,36.46,1600,9500,1500,3100,0.385,0.182,24.44,27.66,13.6,9.21,11.81,48.53,0,0,1,0,0,1,1,1,0,0,0,0,1357.77,1095.0,64,25,126,196,1,7,11,9,0,0,10,0,0,7,0,7,0,0,0,0,1,0,1,2,29,63,6.15,27.7,4,6,48.0,7.9,225,229,12.0,12.0,2.5571900000000003,4.00957,"[1.0,0.0,0.0,0.0,0.0,0.0,0.0,0.0,1.0,0.0,1.0]"
Sm,Eu,33.95681901,48.12129236,150.36,151.964,2076.0,1800.0,38.0,8.3,3,3,198,198,7353.0,5244.0,1.21,0.88,1.17,1.185,5.6437,5.670380000000001,0.0,0.0,-4.713379635,-1.82958684,4.050607032,4.177811939,5.103445064,5.263713205,0.0,0.0,33.23,36.46,9500,9500,3100,3100,0.196,0.182,29.54,27.66,8.62,9.21,33.14,48.53,0,0,0,0,1,1,1,1,0,0,0,0,1345.0,1095.0,23,25,185,196,8,7,8,9,0,0,0,0,8,7,6,7,0,0,0,0,0,0,2,2,62,63,28.8,27.7,6,6,20.0,7.9,166,229,12.0,12.0,3.61456,4.00957,"[1.0,0.0,0.0,0.0,0.0,0.0,0.0,0.0,0.0,0.0,1.0]"
Th,Ac,32.86568321,37.43308629999999,232.03806,227.0,5093.0,3473.0,54.0,0.0,3,3,206,215,11724.0,10070.0,1.28,0.0,1.3,1.1,6.3067,5.17,0.0,0.0,-7.41254306,-4.1050022980000005,4.015357627,4.465163104,5.059033597,5.625752986,0.0,0.0,32.37,44.5125,0,0,0,0,0.11800000000000001,0.12,27.32,27.2,13.81,12.0,32.86,37.45,0,0,0,0,1,1,1,1,0,0,0,0,2023.0,1323.0,16,14,178,0,8,9,4,3,8,9,2,1,0,0,0,0,0,0,0,0,0,0,2,2,90,89,32.1,32.1,7,7,31.0,0.0,225,225,12.0,12.0,3.5605900000000004,3.99462,"[1.0,0.0,0.0,0.0,0.0,0.0,0.0,0.0,0.0,0.0,1.0]"
K,Sn,75.84786468,26.96678526,39.0983,118.71,1032.0,2875.0,3.1,58.0,1,14,203,139,856.0,7310.0,0.65,1.24,0.82,1.96,4.3406633,7.34392,0.0,0.0,-1.097539713,-3.96104709,5.268200874,4.052840562,6.637517176,5.106259136,0.0,0.0,73.10666667,33.285,1700,2600,7200,1600,0.757,0.22699999999999998,29.6,26.99,2.335,7.15,75.63,27.05,1,0,0,0,0,0,1,1,0,0,0,0,336.53,505.08,3,80,230,155,1,4,1,14,0,0,0,10,0,0,0,0,0,4,0,2,1,0,1,2,19,50,43.23,7.06,4,5,1.3,18.0,229,141,8.0,4.0,4.57083,2.87792,"[1.0,1.0,0.0,1.0,0.0,1.0,0.0,0.0,0.0,0.0,1.0]"
Nb,Ho,18.00213298,31.14037991,92.90638,164.93032,5017.0,2973.0,170.0,40.0,5,3,164,192,8570.0,8795.0,1.64,1.22,1.6,1.23,6.75885,6.0215,0.0,0.0,-10.09332153,-4.577416877,3.312897187,3.9465101189999996,4.173988903,4.972291172,0.0,0.0,18.18,30.73333333,8500,9500,8800,3100,0.265,0.165,24.6,27.15,30.0,11.76,18.15,31.11,0,0,1,0,0,1,1,1,0,0,0,0,2750.0,1747.0,47,33,143,177,7,3,5,13,6,0,4,0,0,3,0,11,0,0,0,0,1,0,1,2,41,67,15.7,23.6,5,6,38.0,26.0,229,194,8.0,12.0,2.87565,3.4811199999999998,"[1.0,0.0,0.0,0.0,0.0,0.0,0.0,0.0,0.0,0.0,1.0]"
Zn,Be,15.20568373,8.098176455,65.38,9.012182000000001,1180.0,2743.0,70.0,130.0,12,2,122,96,7140.0,1848.0,1.32,1.67,1.65,1.57,9.394199,9.3227,0.0,0.0,-1.239999915,-3.755038695,3.0336942239999996,2.508239481,3.822215211,3.160183721,0.0,0.0,13.96,7.89,1600,8000,1900,4000,0.38799999999999996,1.825,25.39,16.442999999999998,7.068,7.895,15.19,8.11,0,1,1,0,0,0,1,1,0,0,0,0,692.68,1560.0,69,67,140,112,0,0,12,2,0,0,10,0,0,0,0,0,0,0,0,0,0,0,2,2,30,4,-5.816666667000001,5.6,4,2,43.0,132.0,194,194,6.0,12.0,2.62673,2.20087,"[1.0,0.0,0.0,0.0,0.0,0.0,0.0,0.0,0.0,0.0,1.0]"
Ti,Ir,17.63631716,14.14855047,47.867,192.217,3560.0,4701.0,110.0,320.0,4,9,160,141,4507.0,22560.0,1.52,1.83,1.54,2.2,6.828119999999999,8.96702,0.0,0.0,-7.77522712,-8.84851145,3.2197991210000003,3.051696628,4.056692689,3.84489682,2.25e-05,0.0,16.69,14.21,1100,5500,1600,9100,0.524,0.131,25.06,25.1,14.15,41.12,17.67,13.88,0,0,1,1,0,0,1,1,0,0,0,0,1941.0,2739.0,43,60,142,136,8,3,4,23,8,3,2,7,0,0,0,14,0,0,0,0,0,0,2,2,22,77,14.6,7.6,4,6,44.0,210.0,194,225,8.0,12.0,2.70452,2.74055,"[1.0,0.0,0.0,1.0,0.0,1.0,0.0,0.0,1.0,0.0,1.0]"
Ni,Pt,10.94128444,15.36046351,58.6934,195.084,3186.0,4098.0,180.0,230.0,10,10,124,136,8908.0,21090.0,1.75,1.78,1.91,2.28,7.6398,8.9588,0.0,0.0,-5.54632457,-6.02850968,2.74306794,3.108612885,3.456049039,3.91660681,0.5953946999999999,0.0,10.32,15.02,1000,5500,1500,9100,0.444,0.133,26.07,25.86,17.48,22.175,10.86,15.1,0,0,1,1,0,0,1,1,0,0,0,0,1728.0,2041.4,61,63,126,139,2,2,10,24,2,1,8,9,0,0,0,14,0,0,0,0,0,1,2,1,28,78,6.8,6.5,4,6,76.0,61.0,225,225,12.0,12.0,2.4805599999999997,2.812,"[1.0,0.0,0.0,0.0,0.0,1.0,0.0,0.0,1.0,0.0,1.0]"
As,Pt,21.72396574,15.36046351,74.9216,195.084,887.0,4098.0,22.0,230.0,15,10,119,136,5727.0,21090.0,1.44,1.78,2.18,2.28,9.7886,8.9588,0.0,0.0,-4.650889115,-6.02850968,3.539684396,3.108612885,4.459722881,3.91660681,0.0,0.0,22.175,15.02,3300,5500,4000,9100,0.32899999999999996,0.133,24.64,25.86,24.44,22.175,21.52,15.1,0,0,0,1,0,0,1,1,1,0,0,0,1090.0,2041.4,84,63,115,139,3,2,15,24,0,1,10,9,0,0,0,14,3,0,3,0,0,1,2,1,33,78,4.31,6.5,4,6,0.0,61.0,166,225,3.0,12.0,2.5579,2.812,"[1.0,0.0,0.0,0.0,0.0,0.0,0.0,1.0,0.0,0.0,1.0]"
Cd,Si,21.58002546,20.01637772,112.411,28.0855,1040.0,3173.0,42.0,100.0,12,14,144,111,8650.0,2330.0,1.24,1.5,1.69,1.9,8.99382,8.15168,0.0,0.773,-0.812174225,-5.424918005,3.3909215710000002,3.4448498389999997,4.272293466,4.340238825,0.0,0.0,19.495,20.44,1700,4700,1300,1000,0.231,0.7120000000000001,26.02,19.99,6.21,50.21,21.59,20.02,0,0,1,0,0,0,1,0,0,1,0,0,594.22,1687.0,70,78,157,110,0,4,12,4,0,0,10,0,0,0,0,0,0,4,0,2,0,0,2,2,48,14,7.32,5.53,5,3,19.0,0.0,194,227,6.0,4.0,3.00785,2.36803,"[1.0,0.0,0.0,0.0,0.0,0.0,0.0,0.0,0.0,0.0,1.0]"
K,Th,75.84786468,32.86568321,39.0983,232.03806,1032.0,5093.0,3.1,54.0,1,3,203,206,856.0,11724.0,0.65,1.28,0.82,1.3,4.3406633,6.3067,0.0,0.0,-1.097539713,-7.41254306,5.268200874,4.015357627,6.637517176,5.059033597,0.0,0.0,73.10666667,32.37,1700,0,7200,0,0.757,0.11800000000000001,29.6,27.32,2.335,13.81,75.63,32.86,1,0,0,0,0,1,1,1,0,0,0,0,336.53,2023.0,3,16,230,178,1,8,1,4,0,8,0,2,0,0,0,0,0,0,0,0,1,0,1,2,19,90,43.23,32.1,4,7,1.3,31.0,229,225,8.0,12.0,4.57083,3.5605900000000004,"[1.0,0.0,0.0,0.0,0.0,0.0,0.0,0.0,0.0,0.0,1.0]"
Hg,Ir,24.61174207,14.14855047,200.59,192.217,629.73,4701.0,25.0,320.0,12,9,132,141,13534.0,22560.0,1.24,1.83,2.0,2.2,10.4375,8.96702,0.0,0.0,-0.250105562,-8.84851145,3.695665057,3.051696628,4.656246199,3.84489682,0.0,0.0,25.23758621,14.21,5500,5500,3100,9100,0.14,0.131,27.983,25.1,2.295,41.12,23.82,13.88,0,0,1,1,0,0,1,1,0,0,0,0,234.32,2739.0,71,60,152,136,0,3,26,23,0,3,10,7,0,0,14,14,0,0,0,0,0,0,2,2,80,77,5.36,7.6,6,6,0.0,210.0,166,225,12.0,12.0,3.3977,2.74055,"[1.0,0.0,0.0,0.0,0.0,0.0,0.0,0.0,0.0,0.0,1.0]"
Mg,Pb,23.2222931,30.34142301,24.305,207.2,1363.0,2022.0,45.0,46.0,2,14,141,146,1738.0,11340.0,1.17,1.15,1.31,2.33,7.646235000000001,7.4166300000000005,0.0,0.0,-1.54227231,-3.62902961,3.577326635,3.830865877,4.50714913,4.826588558,0.0,0.0,22.89,28.11,5300,2700,500,1800,1.023,0.13,24.869,24.7,8.48,4.774,23.48,30.32,1,0,0,0,0,0,1,1,0,0,0,0,923.0,600.61,68,81,160,174,0,4,2,28,0,0,0,10,0,0,0,14,0,4,0,2,0,0,2,2,12,82,10.76666667,6.995,3,6,17.0,5.6,194,225,12.0,12.0,3.18377,3.5745400000000003,"[1.0,0.0,0.0,0.0,0.0,0.0,0.0,1.0,0.0,0.0,1.0]"
Be,Co,8.098176455,10.99586068,9.012182000000001,58.933195,2743.0,3200.0,130.0,180.0,2,9,96,126,1848.0,8900.0,1.67,1.75,1.57,1.88,9.3227,7.881010000000001,0.0,0.0,-3.755038695,-7.080389145,2.508239481,2.7364067480000003,3.160183721,3.447656463,0.0,1.5484712,7.89,10.245,8000,3100,4000,2700,1.825,0.42100000000000004,16.442999999999998,24.81,7.895,16.2,8.11,11.12,1,0,0,1,0,0,1,1,0,0,0,0,1560.0,1768.0,67,58,112,125,0,3,2,9,0,3,0,7,0,0,0,0,0,0,0,0,0,0,2,2,4,27,5.6,7.5,2,4,132.0,75.0,194,194,12.0,12.0,2.20087,2.4802400000000002,"[1.0,0.0,0.0,0.0,0.0,1.0,0.0,0.0,0.0,0.0,1.0]"
Pt,Br,15.36046351,42.52782532,195.084,79.904,4098.0,332.0,230.0,1.9,10,17,136,120,21090.0,3120.0,1.78,0.0,2.28,2.96,8.9588,11.8138,0.0,1.4569999999999999,-6.02850968,-1.5830253380000001,3.108612885,3.8921164439999996,3.91660681,4.9037594360000005,0.0,0.0,15.02,29.48,5500,3300,9100,6900,0.133,0.474,25.86,75.69,22.175,5.285,15.1,65.14,0,0,1,0,0,0,1,0,0,0,0,1,2041.4,265.8,63,95,139,0,2,1,24,17,1,0,9,10,0,0,14,0,0,1,0,5,1,0,1,2,78,35,6.5,3.05,6,4,61.0,0.0,225,64,12.0,1.0,2.812,2.38875,"[1.0,0.0,0.0,1.0,0.0,0.0,0.0,0.0,0.0,0.0,1.0]"
Np,Fe,19.24483901,11.77736497,237.0,55.845,4273.0,3134.0,0.0,170.0,3,8,190,132,20450.0,7874.0,0.0,1.77,1.36,1.83,6.2657,7.9024,0.0,0.0,-12.94031436,-8.28548436,3.329442683,2.7789233789999996,4.194834921,3.501224062,0.0,2.1106627999999996,18.45375,10.73,0,2400,0,1400,0.0,0.449,0.0,25.1,3.2,13.81,19.22,11.78,0,0,0,1,1,0,1,1,0,0,0,0,917.0,1811.0,22,55,175,125,19,4,7,8,9,4,1,6,10,0,4,0,0,0,0,0,0,0,2,2,93,26,24.8,8.4,7,4,0.0,82.0,62,229,4.0,8.0,2.4862599999999997,2.46654,"[1.0,0.0,0.0,0.0,0.0,0.0,0.0,0.0,0.0,0.0,1.0]"
V,Re,13.84489822,14.71033423,50.9415,186.207,3680.0,5869.0,160.0,370.0,5,7,153,151,6110.0,21020.0,1.64,1.85,1.63,1.9,6.7461899999999995,7.83352,0.0,0.0,-8.93926069,-12.41702777,2.963255488,3.083225384,3.733467966,3.884620563,0.0,0.0,13.01,14.655,3300,3300,3400,3300,0.489,0.13699999999999998,24.89,25.48,21.5,34.08,13.88,14.71,0,0,1,1,0,0,1,1,0,0,0,0,2183.0,3459.0,46,54,134,137,7,5,5,21,7,5,3,5,0,0,0,14,0,0,0,0,0,0,2,2,23,75,12.4,9.7,4,6,47.0,178.0,229,194,8.0,12.0,2.59229,2.7629900000000003,"[1.0,0.0,0.0,0.0,0.0,0.0,0.0,0.0,1.0,0.0,1.0]"
Se,Au,27.20880463,16.94706362,78.96,196.966569,958.0,3129.0,8.3,220.0,16,11,120,136,4819.0,19300.0,0.0,1.57,2.55,2.54,9.75239,9.225530000000001,0.799,0.0,-3.47079191,-3.20969261,3.7286790069999998,3.2204420519999997,4.697841169,4.0575027310000005,0.0,0.0,25.92,16.7,2200,1100,6000,1000,0.321,0.129,25.363000000000003,25.418000000000003,6.69,12.55,29.81,16.96,0,0,0,1,0,0,0,1,0,0,1,0,494.0,1337.33,89,66,118,143,2,1,16,25,0,0,10,10,0,0,0,14,2,0,4,0,0,1,2,1,34,79,3.77,5.8,4,6,3.7,27.0,14,225,2.0,12.0,2.364,2.94955,"[1.0,0.0,0.0,0.0,0.0,1.0,0.0,0.0,0.0,0.0,1.0]"
Gd,Sn,33.04972431,26.96678526,157.25,118.71,3523.0,2875.0,38.0,58.0,3,14,196,139,7901.0,7310.0,1.21,1.24,1.2,1.96,6.1498,7.34392,0.0,0.0,-4.65442131,-3.96104709,4.002082249,4.052840562,5.0423076689999995,5.106259136,0.0,0.0,32.05,33.285,9500,2600,3100,1600,0.235,0.22699999999999998,37.03,26.99,9.67,7.15,32.98,27.05,0,0,0,0,1,0,1,1,0,0,0,0,1586.0,505.08,27,80,176,155,16,4,10,14,9,0,1,10,7,0,7,0,0,4,0,2,0,0,2,2,64,50,23.5,7.06,6,5,22.0,18.0,194,141,12.0,4.0,3.58601,2.87792,"[1.0,0.0,0.0,1.0,0.0,0.0,0.0,0.0,0.0,0.0,1.0]"
Ge,B,22.66097638,7.297767265,72.64,10.811,3093.0,4273.0,0.0,320.0,14,13,120,84,5323.0,2460.0,1.37,1.75,2.01,2.04,7.899430000000001,8.29802,0.38299999999999995,1.524,-4.616039545,-6.677698154,3.583307493,2.429779429,4.514684539,3.0613302489999996,0.0,0.0,23.005,7.1725,5300,2900,1900,2000,0.32,1.026,23.221999999999998,11.087,36.94,50.2,22.23,7.75,0,0,0,0,0,0,0,0,1,1,0,0,1211.4,2348.0,79,72,114,88,4,5,14,3,0,0,10,0,0,0,0,0,4,5,2,1,0,0,2,2,32,5,5.84,3.03,4,2,0.0,0.0,225,166,4.0,5.5,2.49539,1.7253599999999998,"[1.0,0.0,0.0,0.0,0.0,0.0,0.0,0.0,0.0,0.0,1.0]"
As,P,21.72396574,28.21412182,74.9216,30.973762,887.0,553.5,22.0,11.0,15,15,119,107,5727.0,1823.0,1.44,1.65,2.18,2.19,9.7886,10.48669,0.0,1.625,-4.650889115,-5.400509043,3.539684396,3.560590636,4.459722881,4.486063093,0.0,0.0,22.175,22.5702381,3300,2000,4000,5100,0.32899999999999996,0.769,24.64,23.824,24.44,18.54,21.52,18.99,0,0,0,0,0,0,1,0,1,0,0,1,1090.0,317.3,84,83,115,102,3,3,15,5,0,0,10,0,0,0,0,0,3,3,3,3,0,0,2,2,33,15,4.31,3.63,4,3,0.0,0.0,166,2,3.0,3.0,2.5579,2.2137700000000002,"[1.0,0.0,0.0,0.0,0.0,0.0,0.0,0.0,0.0,0.0,1.0]"
He,Sm,37.23603556,33.95681901,4.0026019999999995,150.36,4.07,2076.0,0.0,38.0,18,3,28,198,0.1785,7353.0,0.0,1.21,0.0,1.17,24.587387,5.6437,18.098,0.0,0.0011354000000000002,-4.713379635,2.908733088,4.050607032,3.6647740460000002,5.103445064,0.0,0.0,12.305,33.23,3200,9500,3900,3100,5.13,0.196,20.785999999999998,29.54,0.0,8.62,19.08,33.14,0,0,0,0,0,1,0,1,0,0,1,0,0.0,1345.0,98,23,0,185,0,8,2,8,0,0,0,0,0,8,0,6,0,0,0,0,0,0,2,2,2,62,0.2050522,28.8,1,6,0.0,20.0,225,166,8.0,12.0,2.73717,3.61456,"[1.0,0.0,0.0,0.0,0.0,0.0,0.0,0.0,0.0,0.0,1.0]"
B,Eu,7.297767265,48.12129236,10.811,151.964,4273.0,1800.0,320.0,8.3,13,3,84,198,2460.0,5244.0,1.75,0.88,2.04,1.185,8.29802,5.670380000000001,1.524,0.0,-6.677698154,-1.82958684,2.429779429,4.177811939,3.0613302489999996,5.263713205,0.0,0.0,7.1725,36.46,2900,9500,2000,3100,1.026,0.182,11.087,27.66,50.2,9.21,7.75,48.53,0,0,0,0,0,1,0,1,1,0,0,0,2348.0,1095.0,72,25,88,196,5,7,3,9,0,0,0,0,0,7,0,7,5,0,1,0,0,0,2,2,5,63,3.03,27.7,2,6,0.0,7.9,166,229,5.5,12.0,1.7253599999999998,4.00957,"[1.0,0.0,0.0,0.0,0.0,0.0,0.0,0.0,0.0,1.0,1.0]"
Te,Se,33.95668872,27.20880463,127.6,78.96,1261.0,958.0,65.0,8.3,16,16,138,120,6240.0,4819.0,0.0,0.0,2.1,2.55,9.0096,9.75239,0.46399999999999997,0.799,-3.141302507,-3.47079191,4.111975037,3.7286790069999998,5.180763906,4.697841169,0.0,0.0,34.76333333,25.92,2900,2200,4900,6000,0.20199999999999999,0.321,25.73,25.363000000000003,17.38,6.69,33.94,29.81,0,0,0,0,0,0,0,0,1,0,0,1,722.66,494.0,90,89,140,118,2,2,16,16,0,0,10,10,0,0,0,0,2,2,4,4,0,0,2,2,52,34,5.5,3.77,5,4,16.0,3.7,152,14,2.0,2.0,2.89227,2.364,"[1.0,0.0,0.0,0.0,0.0,0.0,0.0,0.0,0.0,0.0,1.0]"
Hg,Fe,24.61174207,11.77736497,200.59,55.845,629.73,3134.0,25.0,170.0,12,8,132,132,13534.0,7874.0,1.24,1.77,2.0,1.83,10.4375,7.9024,0.0,0.0,-0.250105562,-8.28548436,3.695665057,2.7789233789999996,4.656246199,3.501224062,0.0,2.1106627999999996,25.23758621,10.73,5500,2400,3100,1400,0.14,0.449,27.983,25.1,2.295,13.81,23.82,11.78,0,0,1,1,0,0,1,1,0,0,0,0,234.32,1811.0,71,55,152,125,0,4,26,8,0,4,10,6,0,0,14,0,0,0,0,0,0,0,2,2,80,26,5.36,8.4,6,4,0.0,82.0,166,229,12.0,8.0,3.3977,2.46654,"[1.0,0.0,0.0,0.0,0.0,0.0,0.0,0.0,0.0,0.0,1.0]"
La,V,37.53064612,13.84489822,138.90547,50.9415,3737.0,3680.0,28.0,160.0,3,5,207,153,6146.0,6110.0,1.18,1.64,1.1,1.63,5.5769,6.7461899999999995,0.0,0.0,-4.927546185,-8.93926069,4.194456026,2.963255488,5.28468344,3.733467966,0.0,0.0,36.8975,13.01,9500,3300,3100,3400,0.195,0.489,27.11,24.89,6.2,21.5,37.42,13.88,0,0,0,1,1,0,1,1,0,0,0,0,1193.0,2183.0,13,46,187,134,9,7,3,5,9,7,1,3,0,0,0,0,0,0,0,0,0,0,2,2,57,23,31.1,12.4,6,4,14.0,47.0,194,229,12.0,8.0,3.7199800000000005,2.59229,"[1.0,0.0,0.0,0.0,0.0,0.0,0.0,0.0,0.0,0.0,1.0]"
Gd,Mo,33.04972431,15.50088069,157.25,95.96,3523.0,4912.0,38.0,230.0,3,6,196,154,7901.0,10280.0,1.21,1.77,1.2,2.16,6.1498,7.09243,0.0,0.0,-4.65442131,-10.84610777,4.002082249,3.154164308,5.0423076689999995,3.973998007,0.0,0.0,32.05,15.69,9500,2400,3100,5300,0.235,0.251,37.03,24.06,9.67,37.48,32.98,15.59,0,0,0,1,1,0,1,1,0,0,0,0,1586.0,2896.0,27,50,176,139,16,6,10,6,9,5,1,5,7,0,7,0,0,0,0,0,0,1,2,1,64,42,23.5,12.8,6,5,22.0,20.0,194,229,12.0,8.0,3.58601,2.74324,"[1.0,0.0,0.0,0.0,0.0,0.0,0.0,0.0,0.0,0.0,1.0]"
Br,Zr,42.52782532,23.26594327,79.904,91.22399999999999,332.0,4682.0,1.9,0.0,17,4,120,175,3120.0,6511.0,0.0,1.41,2.96,1.33,11.8138,6.6339,1.4569999999999999,0.0,-1.5830253380000001,-8.545958555,3.8921164439999996,3.593145393,4.9037594360000005,4.527079516000001,0.0,0.0,29.48,23.195,3300,3400,6900,2600,0.474,0.278,75.69,25.36,5.285,21.0,65.14,23.29,0,0,0,1,0,0,0,1,0,0,1,0,265.8,2128.0,95,44,0,158,1,8,17,4,0,8,10,2,0,0,0,0,1,0,5,0,0,0,2,2,35,40,3.05,17.9,4,5,0.0,33.0,64,194,1.0,12.0,2.38875,3.1914700000000003,"[1.0,0.0,0.0,0.0,0.0,1.0,0.0,0.0,1.0,0.0,1.0]"
Pm,C,33.14754856,8.825089715,145.0,12.0107,3273.0,4300.0,33.0,33.0,3,14,199,76,7264.0,2260.0,1.21,1.77,1.155,2.55,5.582000000000001,11.2603,0.0,4.496,-4.744621343,-9.209713655,4.075342789,2.242692341,5.134610166,2.825615289,0.0,0.0,33.8425,5.64,9500,500,3100,500,0.0,0.7090000000000001,0.0,8.517000000000001,0.0,117.4,33.67,5.67,0,0,0,0,1,0,1,0,0,0,0,1,1373.0,3823.0,21,77,185,77,9,4,7,4,0,0,0,0,9,0,5,0,0,4,0,2,0,0,2,2,61,6,30.1,1.67,6,2,18.0,0.0,194,194,12.0,3.0,3.6390800000000003,1.4240899999999999,"[1.0,0.0,0.0,0.0,0.0,0.0,0.0,0.0,0.0,0.0,1.0]"
Sb,Cr,30.19142344,12.09293747,121.76,51.9961,1860.0,2944.0,42.0,160.0,15,6,139,139,6697.0,7140.0,1.26,1.73,2.05,1.66,8.60839,6.76651,0.0,0.0,-4.11736234,-9.50571654,3.981581991,2.8180802789999997,5.016478962,3.550558664,0.0,0.0,31.56,11.19,7900,3100,3400,4100,0.207,0.449,25.23,23.35,19.79,21.0,30.21,12.01,0,0,0,1,0,0,1,1,1,0,0,0,903.78,2180.0,85,49,155,130,3,6,15,6,0,5,10,5,0,0,0,0,3,0,3,0,0,1,2,1,51,24,6.6,11.6,5,4,20.0,115.0,166,229,3.0,8.0,2.9544900000000003,2.46785,"[1.0,0.0,0.0,0.0,0.0,0.0,0.0,0.0,0.0,0.0,1.0]"
Pm,Zn,33.14754856,15.20568373,145.0,65.38,3273.0,1180.0,33.0,70.0,3,12,199,122,7264.0,7140.0,1.21,1.32,1.155,1.65,5.582000000000001,9.394199,0.0,0.0,-4.744621343,-1.239999915,4.075342789,3.0336942239999996,5.134610166,3.822215211,0.0,0.0,33.8425,13.96,9500,1600,3100,1900,0.0,0.38799999999999996,0.0,25.39,0.0,7.068,33.67,15.19,0,0,0,1,1,0,1,1,0,0,0,0,1373.0,692.68,21,69,185,140,9,0,7,12,0,0,0,10,9,0,5,0,0,0,0,0,0,0,2,2,61,30,30.1,-5.816666667000001,6,4,18.0,43.0,194,194,12.0,6.0,3.6390800000000003,2.62673,"[1.0,0.0,0.0,1.0,0.0,0.0,0.0,0.0,0.0,0.0,1.0]"
Np,I,19.24483901,42.65885747,237.0,126.90446999999999,4273.0,457.3,0.0,7.7,3,17,190,139,20450.0,4940.0,0.0,0.0,1.36,2.66,6.2657,10.451260000000001,0.0,1.062,-12.94031436,-1.505402418,3.329442683,4.414518159,4.194834921,5.5619443539999995,0.0,0.0,18.45375,43.015,0,4900,0,4800,0.0,0.214,0.0,54.43,3.2,7.76,19.22,42.51,0,0,0,0,1,0,1,0,0,0,0,1,917.0,386.85,22,96,175,0,19,1,7,17,9,0,1,10,10,0,4,0,0,1,0,5,0,0,2,2,93,53,24.8,5.025,7,5,0.0,0.0,62,64,4.0,1.0,2.4862599999999997,2.81108,"[1.0,0.0,0.0,1.0,0.0,0.0,0.0,0.0,0.0,0.0,1.0]"
Zr,Nd,23.26594327,34.16905488,91.22399999999999,144.24200000000002,4682.0,3373.0,0.0,32.0,4,3,175,201,6511.0,7010.0,1.41,1.2,1.33,1.14,6.6339,5.525,0.0,0.0,-8.545958555,-4.76235134,3.593145393,4.1138142,4.527079516000001,5.183081107,0.0,0.0,23.195,34.81,3400,9500,2600,3100,0.278,0.19,25.36,27.45,21.0,7.14,23.29,34.2,0,0,1,0,0,1,1,1,0,0,0,0,2128.0,1294.0,44,19,158,182,8,10,4,6,8,0,2,0,0,10,0,4,0,0,0,0,0,0,2,2,40,60,17.9,31.4,5,6,33.0,16.0,194,194,12.0,12.0,3.1914700000000003,3.6671,"[1.0,0.0,0.0,0.0,0.0,0.0,0.0,0.0,0.0,0.0,1.0]"
Si,Ne,20.01637772,37.23218569,28.0855,20.1791,3173.0,26.92,100.0,0.0,14,18,111,58,2330.0,0.9,1.5,0.0,1.9,0.0,8.15168,21.56454,0.773,13.088,-5.424918005,0.09403567,3.4448498389999997,2.934893568,4.340238825,3.6977341860000004,0.0,0.0,20.44,12.64,4700,0,1000,0,0.7120000000000001,1.03,19.99,20.785999999999998,50.21,0.16399999999999998,20.02,23.09,0,0,0,0,0,0,0,0,1,0,0,1,1687.0,24.56,78,99,110,0,4,0,4,8,0,0,0,0,0,0,0,0,4,0,2,6,0,0,2,2,14,10,5.53,0.39432,3,2,0.0,0.0,227,225,4.0,12.0,2.36803,3.04326,"[1.0,0.0,0.0,0.0,0.0,0.0,0.0,0.0,0.0,0.0,1.0]"
W,Dy,15.85873442,31.55699985,183.84,162.5,5828.0,2840.0,310.0,41.0,6,3,162,192,19250.0,8551.0,1.81,1.22,2.36,1.22,7.8640300000000005,5.9389,0.0,0.0,-12.95880062,-4.601554453,3.1781057510000004,3.9680792780000003,4.004162334,4.99946661,0.0,0.0,16.05,31.24,7000,9500,4300,3100,0.132,0.17300000000000001,24.27,28.16,52.31,11.35,15.85,31.6,0,0,1,0,0,1,1,1,0,0,0,0,3695.0,1685.0,51,31,135,175,6,4,20,12,6,0,4,0,0,4,14,10,0,0,0,0,0,0,2,2,74,66,11.1,24.5,6,6,161.0,25.0,229,194,8.0,12.0,2.76038,3.52006,"[1.0,0.0,0.0,0.0,0.0,0.0,0.0,0.0,0.0,0.0,1.0]"
Ga,Br,19.61051348,42.52782532,69.723,79.904,2477.0,332.0,0.0,1.9,13,17,122,120,5904.0,3120.0,1.31,0.0,1.81,2.96,5.999301,11.8138,0.0,1.4569999999999999,-3.0122553030000003,-1.5830253380000001,3.353549368,3.8921164439999996,4.225207441,4.9037594360000005,0.0,0.0,18.8575,29.48,5500,3300,1900,6900,0.373,0.474,26.03,75.69,5.585,5.285,19.6,65.14,0,0,0,0,0,0,1,0,0,0,0,1,302.91,265.8,74,95,134,0,5,1,13,17,0,0,10,10,0,0,0,0,5,1,1,5,0,0,2,2,31,35,8.12,3.05,4,4,0.0,0.0,64,64,5.0,1.0,2.53355,2.38875,"[1.0,0.0,0.0,1.0,0.0,0.0,0.0,0.0,0.0,0.0,1.0]"
